director,revenue,title
Allison Anders,4300000.0,Four Rooms
Alexandre Rockwell,4300000.0,Four Rooms
Robert Rodriguez,4300000.0,Four Rooms
Quentin Tarantino,4300000.0,Four Rooms
Mike Gabriel,346079773.0,Pocahontas
Eric Goldberg,346079773.0,Pocahontas
Paul Auster,1275000.0,Blue in the Face
Wayne Wang,1275000.0,Blue in the Face
Wayne Wang,8349430.0,Smoke
Paul Auster,8349430.0,Smoke
Peter Farrelly,247275374.0,Dumb and Dumber
Bobby Farrelly,247275374.0,Dumb and Dumber
Roger Allers,788241776.0,The Lion King
Rob Minkoff,788241776.0,The Lion King
Albert Hughes,27900000.0,Menace II Society
Allen Hughes,27900000.0,Menace II Society
Annabel Jankel,20915465.0,Super Mario Bros.
Rocky Morton,20915465.0,Super Mario Bros.
Joe Johnston,13670688.0,The Pagemaster
Pixote Hunt,13670688.0,The Pagemaster
Maurice Hunt,13670688.0,The Pagemaster
Ron Clements,504050219.0,Aladdin
John Musker,504050219.0,Aladdin
Gary Trousdale,377350553.0,Beauty and the Beast
Kirk Wise,377350553.0,Beauty and the Beast
Hamilton Luske,84300000.0,Pinocchio
Ben Sharpsteen,84300000.0,Pinocchio
Kevin Yagher,16675000.0,Hellraiser: Bloodline
Joe Chappelle,16675000.0,Hellraiser: Bloodline
Gary Trousdale,100138851.0,The Hunchback of Notre Dame
Kirk Wise,100138851.0,The Hunchback of Notre Dame
Bobby Farrelly,25023434.0,Kingpin
Peter Farrelly,25023434.0,Kingpin
Lana Wachowski,7011317.0,Bound
Lilly Wachowski,7011317.0,Bound
John Frankenheimer,49627779.0,The Island of Dr. Moreau
Richard Stanley,49627779.0,The Island of Dr. Moreau
Stanley Donen,7200000.0,Singin' in the Rain
Gene Kelly,7200000.0,Singin' in the Rain
Michael Curtiz,3981000.0,The Adventures of Robin Hood
William Keighley,3981000.0,The Adventures of Robin Hood
Clyde Geronimi,263591415.0,Cinderella
Wilfred Jackson,263591415.0,Cinderella
Hamilton Luske,263591415.0,Cinderella
Samuel Armstrong,1600000.0,Dumbo
Ben Sharpsteen,1600000.0,Dumbo
William Roberts,1600000.0,Dumbo
Wilfred Jackson,1600000.0,Dumbo
Jack Kinney,1600000.0,Dumbo
Norman Ferguson,1600000.0,Dumbo
Hamilton Luske,572000000.0,Alice in Wonderland
Wilfred Jackson,572000000.0,Alice in Wonderland
Clyde Geronimi,572000000.0,Alice in Wonderland
Ted Berman,29800000.0,The Fox and the Hound
Art Stevens,29800000.0,The Fox and the Hound
Richard Rich,29800000.0,The Fox and the Hound
Terry Gilliam,5028948.0,Monty Python and the Holy Grail
Terry Jones,5028948.0,Monty Python and the Holy Grail
Samuel Armstrong,83320000.0,Fantasia
James Algar,83320000.0,Fantasia
William Roberts,83320000.0,Fantasia
Paul Satterfield,83320000.0,Fantasia
Hamilton Luske,83320000.0,Fantasia
Jim Handley,83320000.0,Fantasia
Ford Beebe,83320000.0,Fantasia
T. Hee,83320000.0,Fantasia
Wilfred Jackson,83320000.0,Fantasia
Ben Sharpsteen,83320000.0,Fantasia
Norman Ferguson,83320000.0,Fantasia
David Hand,83320000.0,Fantasia
Joel Coen,29180280.0,Raising Arizona
Ethan Coen,29180280.0,Raising Arizona
Shuki Levy,17979739.0,Turbo: A Power Rangers Movie
David Winning,17979739.0,Turbo: A Power Rangers Movie
Ron Clements,252712101.0,Hercules
John Musker,252712101.0,Hercules
Gary Goldman,139804348.0,Anastasia
Don Bluth,139804348.0,Anastasia
Alan Smithee,45779.0,"An Alan Smithee Film: Burn, Hollywood, Burn"
Arthur Hiller,45779.0,"An Alan Smithee Film: Burn, Hollywood, Burn"
Harry Elfont,25605015.0,Can't Hardly Wait
Deborah Kaplan,25605015.0,Can't Hardly Wait
Tony Bancroft,304320254.0,Mulan
Barry Cook,304320254.0,Mulan
Bobby Farrelly,369884651.0,There's Something About Mary
Peter Farrelly,369884651.0,There's Something About Mary
Jerome Robbins,43656822.0,West Side Story
Robert Wise,43656822.0,West Side Story
Ronald Neame,84563118.0,The Poseidon Adventure
Irwin Allen,84563118.0,The Poseidon Adventure
David Hand,267447150.0,Bambi
James Algar,267447150.0,Bambi
Samuel Armstrong,267447150.0,Bambi
William Roberts,267447150.0,Bambi
Paul Satterfield,267447150.0,Bambi
Graham Heid,267447150.0,Bambi
Norman Wright,267447150.0,Bambi
Ted Berman,21288692.0,The Black Cauldron
Richard Rich,21288692.0,The Black Cauldron
Ron Clements,38625550.0,The Great Mouse Detective
Burny Mattinson,38625550.0,The Great Mouse Detective
David Michener,38625550.0,The Great Mouse Detective
John Musker,38625550.0,The Great Mouse Detective
Ron Clements,222300000.0,The Little Mermaid
John Musker,222300000.0,The Little Mermaid
Hamilton Luske,215880014.0,One Hundred and One Dalmatians
Wolfgang Reitherman,215880014.0,One Hundred and One Dalmatians
Clyde Geronimi,215880014.0,One Hundred and One Dalmatians
Clyde Geronimi,87404651.0,Peter Pan
Wilfred Jackson,87404651.0,Peter Pan
Hamilton Luske,87404651.0,Peter Pan
Hendel Butoy,47431461.0,The Rescuers Down Under
Mike Gabriel,47431461.0,The Rescuers Down Under
John Lounsbery,71215869.0,The Rescuers
Wolfgang Reitherman,71215869.0,The Rescuers
Art Stevens,71215869.0,The Rescuers
Clyde Geronimi,51000000.0,Sleeping Beauty
Wolfgang Reitherman,51000000.0,Sleeping Beauty
Les Clark,51000000.0,Sleeping Beauty
Eric Larson,51000000.0,Sleeping Beauty
Gary Goldman,27100027.0,All Dogs Go to Heaven
Don Bluth,27100027.0,All Dogs Go to Heaven
Dan Kuenster,27100027.0,All Dogs Go to Heaven
Jim Henson,40577001.0,The Dark Crystal
Frank Oz,40577001.0,The Dark Crystal
Eric Darnell,171757863.0,Antz
Tim Johnson,171757863.0,Antz
Norton Virgien,100491683.0,The Rugrats Movie
Igor Kovalyov,100491683.0,The Rugrats Movie
Merian C. Cooper,10000000.0,King Kong
Ernest B. Schoedsack,10000000.0,King Kong
Brenda Chapman,218613188.0,The Prince of Egypt
Steve Hickner,218613188.0,The Prince of Egypt
Simon Wells,218613188.0,The Prince of Egypt
Lana Wachowski,463517383.0,The Matrix
Lilly Wachowski,463517383.0,The Matrix
Andrew Solt,2091037.0,It Came from Hollywood
Malcolm Leo,2091037.0,It Came from Hollywood
Kevin Lima,448000000.0,Tarzan
Chris Buck,448000000.0,Tarzan
Chris Weitz,235483004.0,American Pie
Paul Weitz,235483004.0,American Pie
Daniel Myrick,248000000.0,The Blair Witch Project
Eduardo Sánchez,248000000.0,The Blair Witch Project
Don Taylor,26518355.0,Damien: Omen II
Mike Hodges,26518355.0,Damien: Omen II
Jim Abrahams,83453539.0,Airplane!
David Zucker,83453539.0,Airplane!
Jerry Zucker,83453539.0,Airplane!
Tinto Brass,23438120.0,Caligula
Bob Guccione,23438120.0,Caligula
Giancarlo Lui,23438120.0,Caligula
Gary Goldman,11373501.0,Thumbelina
Don Bluth,11373501.0,Thumbelina
William Beaudine,966878.0,Sparrows
Tom McNamara,966878.0,Sparrows
Jennifer Wynne Farmer,10508.0,Naturally Native
Valerie Red-Horse,10508.0,Naturally Native
Bernhard Wicki,50100000.0,The Longest Day
Ken Annakin,50100000.0,The Longest Day
Andrew Marton,50100000.0,The Longest Day
Richard Fleischer,29548291.0,Tora! Tora! Tora!
Kinji Fukasaku,29548291.0,Tora! Tora! Tora!
Toshio Masuda,29548291.0,Tora! Tora! Tora!
James Algar,90874570.0,Fantasia 2000
Don Hahn,90874570.0,Fantasia 2000
Gaëtan Brizzi,90874570.0,Fantasia 2000
Paul Brizzi,90874570.0,Fantasia 2000
Eric Goldberg,90874570.0,Fantasia 2000
Hendel Butoy,90874570.0,Fantasia 2000
Francis Glebas,90874570.0,Fantasia 2000
Pixote Hunt,90874570.0,Fantasia 2000
Walter Hill,14828081.0,Supernova
Jack Sholder,14828081.0,Supernova
Bruce Timm,5617391.0,Batman: Mask of the Phantasm
Eric Radomski,5617391.0,Batman: Mask of the Phantasm
Don Michael Paul,76432727.0,The Road to El Dorado
Bibo Bergeron,76432727.0,The Road to El Dorado
Martin Davidson,4000000.0,The Lords of Flatbush
Stephen Verona,4000000.0,The Lords of Flatbush
Ralph Zondag,354248063.0,Dinosaur
Eric Leighton,354248063.0,Dinosaur
George Miller,36230219.0,Mad Max Beyond Thunderdome
George Ogilvie,36230219.0,Mad Max Beyond Thunderdome
Gary Goldman,36754634.0,Titan A.E.
Don Bluth,36754634.0,Titan A.E.
Nick Park,224834564.0,Chicken Run
Peter Lord,224834564.0,Chicken Run
Bobby Farrelly,149270999.0,"Me, Myself & Irene"
Peter Farrelly,149270999.0,"Me, Myself & Irene"
Andrew Adamson,484409218.0,Shrek
Vicky Jenson,484409218.0,Shrek
Gary Trousdale,186053725.0,Atlantis: The Lost Empire
Kirk Wise,186053725.0,Atlantis: The Lost Empire
Hironobu Sakaguchi,85131830.0,Final Fantasy: The Spirits Within
Motonori Sakakibara,85131830.0,Final Fantasy: The Spirits Within
Jean-Claude Van Damme,14697005.0,Kickboxer
David Worth,14697005.0,Kickboxer
Mark DiSalle,14697005.0,Kickboxer
Andrei Konchalovsky,63408614.0,Tango & Cash
Albert Magnoli,63408614.0,Tango & Cash
Bobby Farrelly,13596911.0,Osmosis Jones
Peter Farrelly,13596911.0,Osmosis Jones
Albert Hughes,74558115.0,From Hell
Allen Hughes,74558115.0,From Hell
Bobby Farrelly,141069860.0,Shallow Hal
Peter Farrelly,141069860.0,Shallow Hal
Brendan Malloy,14782676.0,Out Cold
Emmett Malloy,14782676.0,Out Cold
Robin Budd,109862682.0,Return to Never Land
Donovan Cook,109862682.0,Return to Never Land
Gary Goldman,71368.0,A Troll in Central Park
Don Bluth,71368.0,A Troll in Central Park
Chris Weitz,129000000.0,About a Boy
Paul Weitz,129000000.0,About a Boy
Kelly Asbury,122563539.0,Spirit: Stallion of the Cimarron
Lorna Cook,122563539.0,Spirit: Stallion of the Cimarron
Dean DeBlois,145771527.0,Lilo & Stitch
Chris Sanders,145771527.0,Lilo & Stitch
Nanette Burstein,1434436.0,The Kid Stays in the Picture
Brett Morgen,1434436.0,The Kid Stays in the Picture
Jerry Zucker,20458340.0,Top Secret!
Jim Abrahams,20458340.0,Top Secret!
David Zucker,20458340.0,Top Secret!
Louis Leterrier,43928932.0,The Transporter
Corey Yuen Kwai,43928932.0,The Transporter
Brian Koppelman,12000000.0,Knockaround Guys
David Levien,12000000.0,Knockaround Guys
John Huston,41744718.0,Casino Royale
Robert Parrish,41744718.0,Casino Royale
Val Guest,41744718.0,Casino Royale
Joseph McGrath,41744718.0,Casino Royale
Ken Hughes,41744718.0,Casino Royale
Ron Clements,109578115.0,Treasure Planet
John Musker,109578115.0,Treasure Planet
Lilly Wachowski,738599701.0,The Matrix Reloaded
Lana Wachowski,738599701.0,The Matrix Reloaded
Tim Johnson,26288320.0,Sinbad: Legend of the Seven Seas
Patrick Gilmore,26288320.0,Sinbad: Legend of the Seven Seas
Fenton Bailey,742898.0,Party Monster
Randy Barbato,742898.0,Party Monster
Lilly Wachowski,424988211.0,The Matrix Revolutions
Lana Wachowski,424988211.0,The Matrix Revolutions
Charles Brabin,9000000.0,Ben-Hur: A Tale of the Christ
Rex Ingram,9000000.0,Ben-Hur: A Tale of the Christ
Christy Cabanne,9000000.0,Ben-Hur: A Tale of the Christ
Fred Niblo,9000000.0,Ben-Hur: A Tale of the Christ
J.J. Cohn,9000000.0,Ben-Hur: A Tale of the Christ
Howard Hawks,9012000.0,Red River
Arthur Rosson,9012000.0,Red River
Bobby Farrelly,33828318.0,Stuck on You
Peter Farrelly,33828318.0,Stuck on You
Eric Bress,96060858.0,The Butterfly Effect
J. Mackye Gruber,96060858.0,The Butterfly Effect
Bart Freundlich,16702864.0,Catch That Kid
James Sbardellati,16702864.0,Catch That Kid
Peter Merwin,16702864.0,Catch That Kid
Will Finn,103951461.0,Home on the Range
John Sanford,103951461.0,Home on the Range
Edward Lachman,447741.0,Ken Park
Larry Clark,447741.0,Ken Park
Andrew Adamson,919838758.0,Shrek 2
Kelly Asbury,919838758.0,Shrek 2
Conrad Vernon,919838758.0,Shrek 2
John Ford,50000000.0,How the West Was Won
George Marshall,50000000.0,How the West Was Won
Henry Hathaway,50000000.0,How the West Was Won
Richard Thorpe,50000000.0,How the West Was Won
Vicky Jenson,367275019.0,Shark Tale
Bibo Bergeron,367275019.0,Shark Tale
Rob Letterman,367275019.0,Shark Tale
Steven Spielberg,29450919.0,Twilight Zone: The Movie
Joe Dante,29450919.0,Twilight Zone: The Movie
John Landis,29450919.0,Twilight Zone: The Movie
George Miller,29450919.0,Twilight Zone: The Movie
Zana Briski,3515061.0,Born into Brothels
Ross Kauffman,3515061.0,Born into Brothels
James Whale,8000000.0,Hell's Angels
Howard Hughes,8000000.0,Hell's Angels
Edmund Goulding,8000000.0,Hell's Angels
Chris Wedge,260696994.0,Robots
Carlos Saldanha,260696994.0,Robots
Robert Rodriguez,158733820.0,Sin City
Frank Miller,158733820.0,Sin City
Bobby Farrelly,50451307.0,Fever Pitch
Peter Farrelly,50451307.0,Fever Pitch
Eric Darnell,532680671.0,Madagascar
Tom McGrath,532680671.0,Madagascar
Mervyn LeRoy,30000000.0,Quo Vadis
Anthony Mann,30000000.0,Quo Vadis
Henry Alex Rubin,1750211.0,Murderball
Dana Adam Shapiro,1750211.0,Murderball
Tim Burton,117195061.0,Corpse Bride
Mike Johnson,117195061.0,Corpse Bride
Nick Park,192452832.0,The Curse of the Were-Rabbit
Steve Box,192452832.0,The Curse of the Were-Rabbit
Nicholas Ray,10000000.0,55 Days at Peking
Guy Green,10000000.0,55 Days at Peking
Cory Edwards,51053787.0,Hoodwinked!
Todd Edwards,51053787.0,Hoodwinked!
Tony Leech,51053787.0,Hoodwinked!
Jason Friedberg,48548426.0,Date Movie
Aaron Seltzer,48548426.0,Date Movie
Karey Kirkpatrick,343397247.0,Over the Hedge
Tim Johnson,343397247.0,Over the Hedge
John Lasseter,461983149.0,Cars
Joe Ranft,461983149.0,Cars
Anthony Russo,130431368.0,"You, Me and Dupree"
Joe Russo,130431368.0,"You, Me and Dupree"
Jonathan Dayton,100523181.0,Little Miss Sunshine
Valerie Faris,100523181.0,Little Miss Sunshine
Brian Taylor,42931041.0,Crank
Mark Neveldine,42931041.0,Crank
Vincente Minnelli,1606624.0,Cabin in the Sky
Busby Berkeley,1606624.0,Cabin in the Sky
Jill Culton,197309027.0,Open Season
Roger Allers,197309027.0,Open Season
Anthony Stacchi,197309027.0,Open Season
David Bowers,64459316.0,Flushed Away
Sam Fell,64459316.0,Flushed Away
Yvette Kaplan,38085778.0,Happily N'Ever After
Paul Bolger,38085778.0,Happily N'Ever After
Greg Tiernan,38085778.0,Happily N'Ever After
Jason Friedberg,86865564.0,Epic Movie
Aaron Seltzer,86865564.0,Epic Movie
Danny Pang,1109660.0,The Messengers
Oxide Pang Chun,1109660.0,The Messengers
Jan Pinkava,623722818.0,Ratatouille
Brad Bird,623722818.0,Ratatouille
Chris Miller,798958165.0,Shrek the Third
Raman Hui,798958165.0,Shrek the Third
Rolf de Heer,300000.0,Ten Canoes
Peter Djigirr,300000.0,Ten Canoes
Ash Brannon,149044513.0,Surf's Up
Chris Buck,149044513.0,Surf's Up
Oliver Hirschbiegel,15071514.0,The Invasion
James McTeigue,15071514.0,The Invasion
Shari Springer Berman,47738099.0,The Nanny Diaries
Robert Pulcini,47738099.0,The Nanny Diaries
Bobby Farrelly,127766650.0,The Heartbreak Kid
Peter Farrelly,127766650.0,The Heartbreak Kid
Steve Hickner,287594577.0,Bee Movie
Simon J. Smith,287594577.0,Bee Movie
Joel Coen,171600000.0,No Country for Old Men
Ethan Coen,171600000.0,No Country for Old Men
Colin Strause,41797066.0,Aliens vs Predator: Requiem
Greg Strause,41797066.0,Aliens vs Predator: Requiem
Jason Friedberg,84646831.0,Meet the Spartans
Aaron Seltzer,84646831.0,Meet the Spartans
David Moreau,56309766.0,The Eye
Xavier Palud,56309766.0,The Eye
Mark Pellington,22730842.0,U2 3D
Catherine Owens,22730842.0,U2 3D
Jimmy Hayward,297138014.0,Horton Hears a Who!
Steve Martino,297138014.0,Horton Hears a Who!
Jennifer Flackett,100076342.0,Nim's Island
Mark Levin,100076342.0,Nim's Island
Jon Hurwitz,43493123.0,Harold & Kumar Escape from Guantanamo Bay
Hayden Schlossberg,43493123.0,Harold & Kumar Escape from Guantanamo Bay
Lilly Wachowski,93945766.0,Speed Racer
Lana Wachowski,93945766.0,Speed Racer
Bernie Goldmann,346592.0,Meet Bill
Melisa Wallack,346592.0,Meet Bill
Mark Osborne,631744560.0,Kung Fu Panda
John Stevenson,631744560.0,Kung Fu Panda
Joel Coen,163720069.0,Burn After Reading
Ethan Coen,163720069.0,Burn After Reading
Jason Friedberg,14109284.0,Disaster Movie
Aaron Seltzer,14109284.0,Disaster Movie
Danny Pang,42487390.0,Bangkok Dangerous
Oxide Pang Chun,42487390.0,Bangkok Dangerous
Eric Darnell,603900354.0,Madagascar: Escape 2 Africa
Tom McGrath,603900354.0,Madagascar: Escape 2 Africa
Chris Williams,309979994.0,Bolt
Byron Howard,309979994.0,Bolt
Robert Stevenhagen,50877145.0,The Tale of Despereaux
Sam Fell,50877145.0,The Tale of Despereaux
Gary Goldman,11657385.0,Rock-A-Doodle
Don Bluth,11657385.0,Rock-A-Doodle
Conrad Vernon,381509870.0,Monsters vs Aliens
Rob Letterman,381509870.0,Monsters vs Aliens
Brian Taylor,34560577.0,Crank: High Voltage
Mark Neveldine,34560577.0,Crank: High Voltage
Alastair Fothergill,109000000.0,Earth
Mark Linfield,109000000.0,Earth
Hal Haberman,7202.0,Special
Jeremy Passmore,7202.0,Special
John Ireland,250000.0,The Fast and the Furious
Edward Sampson,250000.0,The Fast and the Furious
Brian Taylor,40828540.0,Gamer
Mark Neveldine,40828540.0,Gamer
Phil Lord,242988466.0,Cloudy with a Chance of Meatballs
Christopher Miller,242988466.0,Cloudy with a Chance of Meatballs
Joel Coen,31430334.0,A Serious Man
Ethan Coen,31430334.0,A Serious Man
Ricky Gervais,31912793.0,The Invention of Lying
Matthew Robinson,31912793.0,The Invention of Lying
Natalie Portman,8049666.0,"New York, I Love You"
Yvan Attal,8049666.0,"New York, I Love You"
Fatih Akin,8049666.0,"New York, I Love You"
Joshua Marston,8049666.0,"New York, I Love You"
Mira Nair,8049666.0,"New York, I Love You"
Allen Hughes,8049666.0,"New York, I Love You"
Randall Balsmeyer,8049666.0,"New York, I Love You"
Brett Ratner,8049666.0,"New York, I Love You"
Shekhar Kapur,8049666.0,"New York, I Love You"
Shunji Iwai,8049666.0,"New York, I Love You"
Jiang Wen,8049666.0,"New York, I Love You"
Gary Goldman,3983912.0,The Pebble and the Penguin
Don Bluth,3983912.0,The Pebble and the Penguin
Jorge Blanco,104945765.0,Planet 51
Javier Abad,104945765.0,Planet 51
Marcos Martínez,104945765.0,Planet 51
Ron Clements,267045765.0,The Princess and the Frog
John Musker,267045765.0,The Princess and the Frog
Michael Spierig,51416464.0,Daybreakers
Peter Spierig,51416464.0,Daybreakers
Albert Hughes,157107755.0,The Book of Eli
Allen Hughes,157107755.0,The Book of Eli
Glenn Ficarra,10652035.0,I Love You Phillip Morris
John Requa,10652035.0,I Love You Phillip Morris
Chris Sanders,494878759.0,How to Train Your Dragon
Dean DeBlois,494878759.0,How to Train Your Dragon
Shinji Aramaki,1000000.0,Halo Legends
Hideki Futamura,1000000.0,Halo Legends
Brian Koppelman,5024782.0,Solitary Man
David Levien,5024782.0,Solitary Man
Pierre Coffin,543513985.0,Despicable Me
Chris Renaud,543513985.0,Despicable Me
Gilles Lellouche,823258.0,Narco
Tristan Aurouet,823258.0,Narco
Josh Gordon,49830607.0,The Switch
Will Speck,49830607.0,The Switch
Robert Rodriguez,31327899.0,Machete
Ethan Maniquis,31327899.0,Machete
Jason Friedberg,80547866.0,Vampires Suck
Aaron Seltzer,80547866.0,Vampires Suck
Rob Epstein,617000.0,Howl
Jeffrey Friedman,617000.0,Howl
Ryan Fleck,6491240.0,It's Kind of a Funny Story
Anna Boden,6491240.0,It's Kind of a Funny Story
Henry Joost,3045943.0,Catfish
Ariel Schulman,3045943.0,Catfish
Måns Mårlind,851517.0,Shelter
Björn Stein,851517.0,Shelter
Byron Howard,591794936.0,Tangled
Nathan Greno,591794936.0,Tangled
Shari Springer Berman,453079.0,The Extra Man
Robert Pulcini,453079.0,The Extra Man
Colin Strause,66821036.0,Skyline
Greg Strause,66821036.0,Skyline
Joel Coen,252276927.0,True Grit
Ethan Coen,252276927.0,True Grit
Lucy Walker,187716.0,Waste Land
João Jardim,187716.0,Waste Land
Bobby Farrelly,83160734.0,Hall Pass
Peter Farrelly,83160734.0,Hall Pass
Huck Botko,563706.0,The Virginity Hit
Andrew Gurland,563706.0,The Virginity Hit
John Lasseter,559852396.0,Cars 2
Brad Lewis,559852396.0,Cars 2
Harold S. Bucquet,551.0,The Mysterious Lady
Fred Niblo,551.0,The Mysterious Lady
Glenn Ficarra,142851197.0,"Crazy, Stupid, Love."
John Requa,142851197.0,"Crazy, Stupid, Love."
Stephen Anderson,14460000.0,Winnie the Pooh
Don Hall,14460000.0,Winnie the Pooh
Ben Gluck,39300000.0,Alpha and Omega
Anthony Bell,39300000.0,Alpha and Omega
Heidi Ewing,103735.0,Freakonomics
Rachel Grady,103735.0,Freakonomics
Morgan Spurlock,103735.0,Freakonomics
Seth Gordon,103735.0,Freakonomics
Alex Gibney,103735.0,Freakonomics
Eugene Jarecki,103735.0,Freakonomics
Henry Joost,205703818.0,Paranormal Activity 3
Ariel Schulman,205703818.0,Paranormal Activity 3
Kevin Macdonald,225861.0,Life in a Day
Zillah Bowes,225861.0,Life in a Day
Måns Mårlind,160112671.0,Underworld: Awakening
Björn Stein,160112671.0,Underworld: Awakening
Brian Taylor,149217355.0,Ghost Rider: Spirit of Vengeance
Mark Neveldine,149217355.0,Ghost Rider: Spirit of Vengeance
Kyle Balda,348840316.0,The Lorax
Chris Renaud,348840316.0,The Lorax
Mike McCoy,81272766.0,Act of Valor
Scott Waugh,81272766.0,Act of Valor
Phil Lord,201585328.0,21 Jump Street
Christopher Miller,201585328.0,21 Jump Street
Jay Duplass,4417580.0,"Jeff, Who Lives at Home"
Mark Duplass,4417580.0,"Jeff, Who Lives at Home"
Stephen St. Leger,32204030.0,Lockout
James Mather,32204030.0,Lockout
Jon Hurwitz,234989584.0,American Reunion
Hayden Schlossberg,234989584.0,American Reunion
Chris Kentis,13101672.0,Silent House
Laura Lau,13101672.0,Silent House
Bobby Farrelly,54819301.0,The Three Stooges
Peter Farrelly,54819301.0,The Three Stooges
Peter Lord,118338361.0,The Pirates! In an Adventure with Scientists!
Jeff Newitt,118338361.0,The Pirates! In an Adventure with Scientists!
Conrad Vernon,746921274.0,Madagascar 3: Europe's Most Wanted
Eric Darnell,746921274.0,Madagascar 3: Europe's Most Wanted
Tom McGrath,746921274.0,Madagascar 3: Europe's Most Wanted
Brenda Chapman,538983207.0,Brave
Mark Andrews,538983207.0,Brave
Steve Purcell,538983207.0,Brave
Nick Ormerod,8303261.0,Bel Ami
Declan Donnellan,8303261.0,Bel Ami
Noel Clarke,1163967.0,4.3.2.1
Mark Davis,1163967.0,4.3.2.1
Steve Martino,877244782.0,Ice Age: Continental Drift
Mike Thurmeier,877244782.0,Ice Age: Continental Drift
Sam Fell,107139399.0,ParaNorman
Chris Butler,107139399.0,ParaNorman
Dax Shepard,14400000.0,Hit & Run
David Palmer,14400000.0,Hit & Run
Brian Klugman,13231461.0,The Words
Lee Sternthal,13231461.0,The Words
Dan Cutforth,32726956.0,Katy Perry: Part of Me
Jane Lipsitz,32726956.0,Katy Perry: Part of Me
Henry Joost,142817992.0,Paranormal Activity 4
Ariel Schulman,142817992.0,Paranormal Activity 4
Tom Tykwer,130482868.0,Cloud Atlas
Lilly Wachowski,130482868.0,Cloud Atlas
Lana Wachowski,130482868.0,Cloud Atlas
Max Giwa,18144030.0,StreetDance 3D
Dania Pasquini,18144030.0,StreetDance 3D
Griffin Dunne,32438988.0,Movie 43
Peter Farrelly,32438988.0,Movie 43
Elizabeth Banks,32438988.0,Movie 43
James Gunn,32438988.0,Movie 43
Steven Brill,32438988.0,Movie 43
Brett Ratner,32438988.0,Movie 43
Steve Carr,32438988.0,Movie 43
Rusty Cundieff,32438988.0,Movie 43
James Duffy,32438988.0,Movie 43
Patrik Forsberg,32438988.0,Movie 43
Jonathan van Tulleken,32438988.0,Movie 43
Will Graham,32438988.0,Movie 43
Jon Lucas,48065672.0,21 & Over
Scott Moore,48065672.0,21 & Over
Chris Sanders,585178928.0,The Croods
Kirk De Micco,585178928.0,The Croods
Tom Putnam,111300.0,Burn
Brenna Sanchez,111300.0,Burn
Seth Rogen,126041322.0,This Is the End
Evan Goldberg,126041322.0,This Is the End
Rob Epstein,1585582.0,Lovelace
Jeffrey Friedman,1585582.0,Lovelace
Jim Rash,23198652.0,The Way Way Back
Nat Faxon,23198652.0,The Way Way Back
Pierre Coffin,970761885.0,Despicable Me 2
Chris Renaud,970761885.0,Despicable Me 2
Cody Cameron,248384621.0,Cloudy with a Chance of Meatballs 2
Kris Pearn,248384621.0,Cloudy with a Chance of Meatballs 2
Chris Buck,1274219009.0,Frozen
Jennifer Lee,1274219009.0,Frozen
Joel Coen,32935319.0,Inside Llewyn Davis
Ethan Coen,32935319.0,Inside Llewyn Davis
Matt Bettinelli-Olpin,36433975.0,Devil's Due
Tyler Gillett,36433975.0,Devil's Due
Geoff Moore,75143.0,Better Living Through Chemistry
David Posamentier,75143.0,Better Living Through Chemistry
Phil Lord,469160692.0,The Lego Movie
Christopher Miller,469160692.0,The Lego Movie
Anthony Russo,714766572.0,Captain America: The Winter Soldier
Joe Russo,714766572.0,Captain America: The Winter Soldier
Jon Erwin,10429707.0,Moms' Night Out
Andrew Erwin,10429707.0,Moms' Night Out
Derek Lee,121179.0,Afflicted
Clif Prowse,121179.0,Afflicted
Phil Lord,188441614.0,22 Jump Street
Christopher Miller,188441614.0,22 Jump Street
Lilly Wachowski,183987723.0,Jupiter Ascending
Lana Wachowski,183987723.0,Jupiter Ascending
Robert Rodriguez,39407616.0,Sin City: A Dame to Kill For
Frank Miller,39407616.0,Sin City: A Dame to Kill For
Anthony Stacchi,108255770.0,The Boxtrolls
Graham Annable,108255770.0,The Boxtrolls
Michael Spierig,3000000.0,Predestination
Peter Spierig,3000000.0,Predestination
Chad Stahelski,88761661.0,John Wick
David Leitch,88761661.0,John Wick
Chris Williams,652105443.0,Big Hero 6
Don Hall,652105443.0,Big Hero 6
Neil Nightingale,126546518.0,Walking With Dinosaurs
Barry Cook,126546518.0,Walking With Dinosaurs
Bobby Farrelly,169837010.0,Dumb and Dumber To
Peter Farrelly,169837010.0,Dumb and Dumber To
Eric Darnell,373552094.0,Penguins of Madagascar
Simon J. Smith,373552094.0,Penguins of Madagascar
Richard Glatzer,43884652.0,Still Alice
Wash Westmoreland,43884652.0,Still Alice
Seth Rogen,12342632.0,The Interview
Evan Goldberg,12342632.0,The Interview
Joachim Rønning,794191988.0,Pirates of the Caribbean: Dead Men Tell No Tales
Espen Sandberg,794191988.0,Pirates of the Caribbean: Dead Men Tell No Tales
Anthony Russo,1153304495.0,Captain America: Civil War
Joe Russo,1153304495.0,Captain America: Civil War
Andrew Mogel,771317.0,The D Train
Jarrad Paul,771317.0,The D Train
Glenn Ficarra,153962963.0,Focus
John Requa,153962963.0,Focus
Kyle Balda,1156730962.0,Minions
Pierre Coffin,1156730962.0,Minions
John Francis Daley,104384188.0,Vacation
Jonathan M. Goldstein,104384188.0,Vacation
Jonathan Silverman,45000.0,The Opposite Sex
Jennifer Finnigan,45000.0,The Opposite Sex
Travis Cluff,42664410.0,The Gallows
Chris Lofing,42664410.0,The Gallows
Duke Johnson,5659286.0,Anomalisa
Charlie Kaufman,5659286.0,Anomalisa
Joel Coen,63647656.0,"Hail, Caesar!"
Ethan Coen,63647656.0,"Hail, Caesar!"
Jennifer Yuh Nelson,521170825.0,Kung Fu Panda 3
Alessandro Carloni,521170825.0,Kung Fu Panda 3
Andrew Erwin,14394097.0,Woodlawn
Jon Erwin,14394097.0,Woodlawn
F. Richard Jones,8000000.0,Mickey
James Young,8000000.0,Mickey
Byron Howard,1023784195.0,Zootopia
Rich Moore,1023784195.0,Zootopia
Jared Bush,1023784195.0,Zootopia
Glenn Ficarra,23083334.0,Whiskey Tango Foxtrot
John Requa,23083334.0,Whiskey Tango Foxtrot
Andrew Stanton,1028570889.0,Finding Dory
Angus MacLane,1028570889.0,Finding Dory
Fergal Reilly,349779543.0,The Angry Birds Movie
Clay Kaytis,349779543.0,The Angry Birds Movie
Jericca Cleland,8821329.0,Ratchet & Clank
Kevin Munroe,8821329.0,Ratchet & Clank
Conrad Vernon,140705322.0,Sausage Party
Greg Tiernan,140705322.0,Sausage Party
Dan Kwan,4210454.0,Swiss Army Man
Daniel Scheinert,4210454.0,Swiss Army Man
Mike Thurmeier,408579038.0,Ice Age: Collision Course
Galen T. Chu,408579038.0,Ice Age: Collision Course
Henry Joost,85241496.0,Nerve
Ariel Schulman,85241496.0,Nerve
Jon Lucas,183936074.0,Bad Moms
Scott Moore,183936074.0,Bad Moms
Doug Sweetland,182379278.0,Storks
Nicholas Stoller,182379278.0,Storks
Mike Mitchell,346864462.0,Trolls
Walt Dohrn,346864462.0,Trolls
Ron Clements,643034466.0,Moana
John Musker,643034466.0,Moana
Josh Gordon,114501299.0,Office Christmas Party
Will Speck,114501299.0,Office Christmas Party
Kyle Lawrence,10474.0,Logan
Caleb Doyle,10474.0,Logan
Eric Summer,2351359.0,Ballerina
Éric Warin,2351359.0,Ballerina
Kyle Balda,1020063384.0,Despicable Me 3
Pierre Coffin,1020063384.0,Despicable Me 3
